id;title;description;release_date;movie_art_url;background_url;video_url;genre
1;Home European;Incredible edge Heard;synthesizing drive;Sausages;Handcrafted;invoice;Handmade Practical
2;Money Virtual;payment;Cambridgeshire;Metal;microchip Cote;sexy Fresh;Lanka Incredible Oregon
3;Antilles Dinar copy;XSS Mall;Tools Dakota lavender;Producer;bypassing Practical;Checking;Home parsing orchid
4;payment payment;evolve hacking;Arizona;indexing Future bypass;aggregate Lead convergence;interface service-desk;hybrid Games
5;Cambridgeshire;Universal Small Health;web-enabled;programming Keyboard;HDD Toys;Borders strategize SMTP;content Card
6;quantifying;Engineer Applications Re-engineered;maroon Flat AGP;Cotton;Chief Krone Arizona;HDD open-source;Shoes systems
7;cutting-edge Games;magnetic niches;alarm Cheese Markets;user-centric Balboa;Account;Account drive hard;Account Salad feed
8;Neck Dam orchestration;SMTP HTTP;mobile Enterprise-wide Profound;Shirt solutions Forint;cyan Direct El;salmon;killer lavender
9;Representative;Garden Unbranded Dinar;bandwidth scalable navigate;Myanmar capacitor Licensed;PNG;Florida;COM
10;Gourde Concrete;violet Open-source;red Computer;Operative Borders calculate;Chicken;auxiliary Bedfordshire;yellow
